{"cameraMode":{"drawMode":0,"name":"Shaded","section":"Shading Mode"},"sceneLighting":true,"audioPlay":false,"sceneViewState":{"showFog":true,"showMaterialUpdate":false,"showSkybox":true,"showFlares":true,"showImageEffects":true,"showParticleSystems":true},"in2DMode":false,"pivot":{"x":0.696159839630127,"y":0.5292028188705444,"z":0.12255740165710449},"rotation":{"x":-0.15359191596508027,"y":-0.4813302159309387,"z":0.08609674870967865,"w":-0.8586723208427429},"size":2.102834939956665,"orthographic":true}