{"cameraMode":{"drawMode":0,"name":"Shaded","section":"Shading Mode"},"sceneLighting":false,"audioPlay":false,"sceneViewState":{"showFog":true,"showMaterialUpdate":false,"showSkybox":true,"showFlares":true,"showImageEffects":true,"showParticleSystems":true},"in2DMode":false,"pivot":{"x":0.01127934455871582,"y":1.069725513458252,"z":-0.9049196243286133},"rotation":{"x":0.10308187454938889,"y":-0.6429528594017029,"z":0.08791562169790268,"w":0.7538280487060547},"size":4.926144599914551,"orthographic":false}