{"cameraMode":{"drawMode":0,"name":"Shaded","section":"Shading Mode"},"sceneLighting":true,"audioPlay":false,"sceneViewState":{"showFog":true,"showMaterialUpdate":false,"showSkybox":true,"showFlares":true,"showImageEffects":true,"showParticleSystems":true},"in2DMode":false,"pivot":{"x":-0.7249890565872192,"y":1.7763972282409669,"z":2.402219533920288},"rotation":{"x":-0.07674098759889603,"y":-0.8993679285049439,"z":0.39292600750923159,"w":-0.17566300928592683},"size":5.766262054443359,"orthographic":false}