{"cameraMode":{"drawMode":0,"name":"Shaded","section":"Shading Mode"},"sceneLighting":false,"audioPlay":false,"sceneViewState":{"showFog":true,"showMaterialUpdate":false,"showSkybox":true,"showFlares":true,"showImageEffects":true,"showParticleSystems":true},"in2DMode":false,"pivot":{"x":-1.4901161193847657e-8,"y":0.8510248064994812,"z":0.7420672178268433},"rotation":{"x":0.13782143592834474,"y":-0.2220073640346527,"z":0.03171224519610405,"w":0.9647343754768372},"size":3.958409070968628,"orthographic":false}