{"cameraMode":{"drawMode":0,"name":"Shaded","section":"Shading Mode"},"sceneLighting":false,"audioPlay":false,"sceneViewState":{"showFog":true,"showMaterialUpdate":false,"showSkybox":true,"showFlares":true,"showImageEffects":true,"showParticleSystems":true},"in2DMode":false,"pivot":{"x":-1.6200000047683716,"y":2.047522783279419,"z":2.907015085220337},"rotation":{"x":0.06792251020669937,"y":0.9318957328796387,"z":-0.24232348799705506,"w":0.26122069358825686},"size":3.825293779373169,"orthographic":false}