{"cameraMode":{"drawMode":0,"name":"Shaded","section":"Shading Mode"},"sceneLighting":false,"audioPlay":false,"sceneViewState":{"showFog":true,"showMaterialUpdate":false,"showSkybox":true,"showFlares":true,"showImageEffects":true,"showParticleSystems":true},"in2DMode":false,"pivot":{"x":-0.06395722925662995,"y":0.0276261605322361,"z":0.4945446252822876},"rotation":{"x":0.3118589222431183,"y":0.6398595571517944,"z":-0.31886526942253115,"w":0.6258184909820557},"size":0.7563188672065735,"orthographic":false}