{"cameraMode":{"drawMode":0,"name":"Shaded","section":"Shading Mode"},"sceneLighting":true,"audioPlay":false,"sceneViewState":{"showFog":true,"showMaterialUpdate":false,"showSkybox":true,"showFlares":true,"showImageEffects":true,"showParticleSystems":true},"in2DMode":false,"pivot":{"x":-0.8148420453071594,"y":0.611198365688324,"z":0.31450265645980837},"rotation":{"x":0.2864197790622711,"y":-0.6087540984153748,"z":0.2504483759403229,"w":0.6961736679077148},"size":1.647292137145996,"orthographic":false}