{"cameraMode":{"drawMode":0,"name":"Shaded","section":"Shading Mode"},"sceneLighting":false,"audioPlay":false,"sceneViewState":{"showFog":true,"showMaterialUpdate":false,"showSkybox":true,"showFlares":true,"showImageEffects":true,"showParticleSystems":true},"in2DMode":false,"pivot":{"x":-0.06395722925662995,"y":0.0276261605322361,"z":0.6469516754150391},"rotation":{"x":0.15317906439304353,"y":0.8411503434181213,"z":-0.3097279965877533,"w":0.41601797938346865},"size":1.3000080585479737,"orthographic":false}