{"cameraMode":{"drawMode":0,"name":"Shaded","section":"Shading Mode"},"sceneLighting":false,"audioPlay":false,"sceneViewState":{"showFog":true,"showMaterialUpdate":false,"showSkybox":true,"showFlares":true,"showImageEffects":true,"showParticleSystems":true},"in2DMode":false,"pivot":{"x":-0.49479442834854128,"y":7.56907844543457,"z":0.4561525881290436},"rotation":{"x":0.0648195892572403,"y":0.9350627660751343,"z":-0.23865924775600434,"w":0.2539644241333008},"size":1.8312249183654786,"orthographic":false}