{"cameraMode":{"drawMode":0,"name":"Shaded","section":"Shading Mode"},"sceneLighting":false,"audioPlay":false,"sceneViewState":{"showFog":true,"showMaterialUpdate":false,"showSkybox":true,"showFlares":true,"showImageEffects":true,"showParticleSystems":true},"in2DMode":false,"pivot":{"x":3.850037097930908,"y":0.014681745320558548,"z":6.748085021972656},"rotation":{"x":0.1578558087348938,"y":0.7110508680343628,"z":-0.16903884708881379,"w":0.6640137434005737},"size":1.3143153190612794,"orthographic":false}