{"cameraMode":{"drawMode":0,"name":"Shaded","section":"Shading Mode"},"sceneLighting":true,"audioPlay":false,"sceneViewState":{"showFog":true,"showMaterialUpdate":false,"showSkybox":true,"showFlares":true,"showImageEffects":true,"showParticleSystems":true},"in2DMode":false,"pivot":{"x":0.2987844944000244,"y":7.1110382080078129,"z":-0.33489692211151125},"rotation":{"x":0.060332342982292178,"y":-0.8628531694412231,"z":0.4904903769493103,"w":0.10613078624010086},"size":2.1512181758880617,"orthographic":false}